{"cameraMode":{"drawMode":0,"name":"Shaded","section":"Shading Mode"},"sceneLighting":false,"audioPlay":false,"sceneViewState":{"m_AlwaysRefresh":false,"showFog":true,"showSkybox":true,"showFlares":true,"showImageEffects":true,"showParticleSystems":true,"showVisualEffectGraphs":true,"m_FxEnabled":false},"in2DMode":false,"pivot":{"x":6.800000190734863,"y":1.4700002670288087,"z":16.770000457763673},"rotation":{"x":0.09747165441513062,"y":0.31385016441345217,"z":-0.03240720182657242,"w":0.9439154267311096},"size":13.761143684387207,"orthographic":true}