{"cameraMode":{"drawMode":0,"name":"Shaded","section":"Shading Mode"},"sceneLighting":false,"audioPlay":false,"sceneViewState":{"m_AlwaysRefresh":false,"showFog":true,"showSkybox":true,"showFlares":true,"showImageEffects":true,"showParticleSystems":true,"showVisualEffectGraphs":true,"m_FxEnabled":false},"in2DMode":false,"pivot":{"x":6.019999980926514,"y":1.7599999904632569,"z":7.969999313354492},"rotation":{"x":-0.0035230673383921386,"y":-0.7232442498207092,"z":-0.0036900672130286695,"w":0.6905771493911743},"size":1.045190691947937,"orthographic":true}