{"cameraMode":{"drawMode":0,"name":"Shaded","section":"Shading Mode"},"sceneLighting":true,"audioPlay":false,"sceneViewState":{"m_AlwaysRefresh":false,"showFog":true,"showSkybox":true,"showFlares":true,"showImageEffects":true,"showParticleSystems":true,"showVisualEffectGraphs":true,"m_FxEnabled":true},"in2DMode":false,"pivot":{"x":209.42864990234376,"y":364.3667297363281,"z":-97.43582916259766},"rotation":{"x":-0.02399001084268093,"y":-0.02548997290432453,"z":-0.0006120885373093188,"w":0.9993883967399597},"size":91.52655029296875,"orthographic":true}